generation,best_fitness,mean_fitness,std_fitness
1.0,0.9802116999480844,0.9757435226907665,0.004887373231527655
2.0,0.9822963502329469,0.9802815203931111,0.0015343221535213303
